Customer ID,Customer Name,Age,Gender
C1000,Thomas Duncan,56,m
C1001,Kenneth Ross,56,m
C1002,Henry Reyes,56,m
C1003,Benjamin Carter,56,m
C1004,Jeremy Schmidt,45,f
C1005,Joe Hanson,45,f
C1006,Henry Reyes,45,f
C1007,Benjamin Vasquez,45,m
C1008,Benjamin Kim,45,m
C1009,Howard Morgan,45,f
C1010,Ralph Wood,45,f
C1011,Brandon Wright,34,m
C1012,Gerald Andrews,45,f
C1013,Nicholas Garcia,34,m
C1014,Juan Perez,35,m
C1015,Andrew Graham,34,m
C1016,Douglas Kennedy,36,m
C1017,Eugene Brooks,78,m
C1018,Samuel Jenkins,45,f
C1019,Jeremy Arnold,45,f
C1020,Peter Cook,33,m
C1021,Sean Andrews,67,m
C1022,Phillip Harvey,34,m
C1023,Wayne Stewart,56,m
C1024,Raymond Burke,45,f
C1025,Patrick Rivera,45,f
C1026,Walter Harris,89,m
C1027,Victor Gutierrez,45,f
C1028,Jason Diaz,45,f
C1029,Phillip Carpenter,27,m
C1030,Jose Williams,27,m
C1031,Victor Lopez,27,m
C1032,Bobby Jackson,27,m
C1033,Patrick Wells,27,m
C1034,Scott Roberts,27,m
C1035,Wayne Gordon,27,m
C1036,Keith Hamilton,27,m
C1037,Clarence Kelley,27,m
C1038,Robert Price,27,m
C1039,James Williams,27,m
C1040,Victor Gray,28,m
C1041,Albert Cunningham,45,f
C1042,Earl Ortiz,45,f
C1043,Johnny Butler,28,m
C1044,Bobby Greene,28,m
C1045,Johnny Butler,28,m
C1046,Matthew Phillips,28,m
C1047,Keith Hamilton,28,m
C1048,Charles Richards,28,m
C1049,Kenneth Foster,28,m
C1050,Kenneth Simpson,45,f
C1051,Willie Hicks,45,f
C1052,Michael Cole,28,m
C1053,Shawn Day,28,m
C1054,Ralph Nichols,28,m
C1055,Eric Alvarez,45,f
C1056,Andrew Peters,28,f
C1057,Paul Lane,28,f
C1058,Paul Lane,28,f
C1059,Jason Hanson,28,f
C1060,Louis White,45,f
C1061,Earl Simpson,28,f
C1062,Wayne Johnson,28,f
C1063,Joseph Warren,28,f
C1064,Carlos Smith,30,f
C1065,Harry Castillo,30,f
C1066,Joe Carroll,45,f
C1067,Ralph Elliott,30,f
C1068,Raymond Spencer,30,f
C1069,Aaron Carr,45,f
C1070,David Garrett,30,f
C1071,Shawn Day,30,f
C1072,Aaron Tucker,45,f
C1073,Antonio Frazier,30,f
C1074,Kevin Webb,45,f
C1075,Albert Cunningham,45,f
C1076,Joshua Garza,45,f
C1077,Paul Lane,32,f
C1078,Russell Nelson,32,f
C1079,Louis Austin,32,f
C1080,Carl Nguyen,32,f
C1081,Brian Murphy,32,f
C1082,Martin Berry,45,f
C1083,Aaron Cruz,32,f
C1084,Benjamin Ryan,32,f
C1085,Phillip Peters,32,f
C1086,Phillip Webb,45,f
C1087,Frank Mason,32,f
C1088,Mark Montgomery,32,f
C1089,Arthur Webb,45,f
C1090,Fred Romero,32,f
C1091,Jason Duncan,32,f
C1092,Roger Elliott,32,f
C1093,Raymond Hall,45,f
C1094,Charles Montgomery,45,f
C1095,Bobby Coleman,32,f
C1096,Antonio Nelson,32,f
C1097,Eric Armstrong,32,f
C1098,Jesse Hill,32,f
C1099,Johnny Hawkins,32,f
C1100,Stephen Reynolds,32,f
C1101,Billy Miller,32,f
C1102,Raymond Fields,32,f
C1103,John Robertson,32,f
C1104,Patrick Brown,45,f
C1105,William Medina,32,f
C1106,Alan Thomas,32,f
C1107,Adam Thompson,33,f
C1108,Mark Gonzalez,45,f
C1109,Earl Robinson,33,f
C1110,Victor Lopez,33,f
C1111,Bobby Burton,33,f
C1112,James Armstrong,45,f
C1113,Steve Wells,33,f
C1114,Jerry Andrews,45,f
C1115,David Mendoza,33,f
C1116,Eugene Scott,33,f
C1117,Ralph Wood,33,f
C1118,Jesse Barnes,45,f
C1119,Benjamin Lynch,45,f
C1120,Victor Gray,45,f
C1121,Jesse Graham,45,f
C1122,Harry Daniels,45,f
C1123,Christopher Kim,45,f
C1124,Benjamin Ryan,45,f
C1125,Juan Cruz,45,f
C1126,Joshua Anderson,45,f
C1127,Samuel Price,48,f
C1128,Scott Allen,45,f
C1129,Roger Alexander,48,f
C1130,David Mendoza,48,f
C1131,Jason Hudson,48,f
C1132,Joe Fuller,45,f
C1133,Roger Tucker,43,f
C1134,Aaron Day,43,f
C1135,Michael Reed,43,f
C1136,Justin Butler,43,f
C1137,Brandon Wood,43,f
C1138,Charles Perry,43,f
C1139,Aaron Tucker,45,f
C1140,Andrew Hansen,43,m
C1141,Albert Jacobs,45,f
C1142,Daniel Perry,43,m
C1143,Ronald Bradley,45,f
C1144,Carlos Reed,43,m
C1145,Kevin Willis,43,m
C1146,Terry Richards,43,m
C1147,Thomas Hawkins,43,m
C1148,Shawn Torres,43,m
C1149,Jesse Hill,45,f
C1150,Adam Bailey,45,f
C1151,Shawn Ramos,52,m
C1152,Frank Webb,52,m
C1153,Brandon Diaz,52,m
C1154,Lawrence Watson,52,m
C1155,Daniel Barnes,52,m
C1156,Steven Hayes,52,m
C1157,Clarence Freeman,52,m
C1158,Terry Morris,45,f
C1159,Wayne Stone,45,f
C1160,Michael Thomas,52,m
C1161,Mark Montgomery,52,m
C1162,Frank Ortiz,52,m
C1163,Shawn Wallace,45,f
C1164,Roger Elliott,52,m
C1165,Victor Hughes,52,m
C1166,Jesse Evans,52,m
C1167,Aaron Miller,45,f
C1168,Keith Campbell,55,m
C1169,Edward Walker,45,f
C1170,Steve Stewart,45,f
C1171,Billy Adams,45,f
C1172,George Stanley,55,m
C1173,Steven Owens,55,m
C1174,Sean Snyder,55,m
C1175,Phillip Coleman,45,f
C1176,Ronald Anderson,55,m
C1177,Jack Stevens,55,m
C1178,Richard Peters,55,m
C1179,David Wilson,55,m
C1180,Steven Mccoy,55,m
C1181,Raymond Alexander,45,f
C1182,Martin Olson,55,m
C1183,Paul Holmes,55,m
C1184,Adam White,55,m
C1185,Phillip Edwards,55,m
C1186,Bruce Porter,55,m
C1187,Billy West,45,f
C1188,Michael Cole,45,f
C1189,Ralph Wood,55,m
C1190,Steve Tucker,55,m
C1191,Terry Richards,45,f
C1192,Michael Austin,55,m
C1193,Antonio Frazier,55,m
C1194,Clarence Kelley,55,m
C1195,Steven Hayes,45,f
C1196,Edward Williams,55,m
C1197,Nicholas Simmons,55,m
C1198,Jason Ross,55,m
C1199,David Wheeler,55,m
C1200,John Brooks,45,f
C1201,Ernest Rivera,45,f
C1202,Todd Price,45,f
C1203,Joshua Brooks,55,m
C1204,Henry Boyd,55,m
C1205,Wayne Hunter,45,f
C1206,Antonio Cooper,45,f
C1207,Johnny Hawkins,58,f
C1208,Timothy Lawrence,58,f
C1209,Jesse Hill,58,f
C1210,Gregory Welch,58,f
C1211,Jesse Castillo,45,f
C1212,Andrew Adams,58,f
C1213,Christopher Hudson,58,f
C1214,Clarence Austin,45,f
C1215,Aaron Cruz,58,f
C1216,James Simmons,45,f
C1217,Joe Price,58,f
C1218,Victor Scott,58,f
C1219,Jack Howell,45,f
C1220,Eric Bradley,58,f
C1221,Peter Cook,58,f
C1222,Billy Olson,45,f
C1223,Jack Stevens,58,f
C1224,Ralph Richardson,58,f
C1225,Jose Ellis,45,f
C1226,Ernest Fox,45,f
C1227,Harry Castillo,45,f
C1228,Steve Miller,45,f
C1229,Mark Gonzalez,58,f
C1230,Christopher Wright,45,f
C1231,Matthew Lewis,45,f
C1232,Wayne Stewart,58,f
C1233,Billy Olson,45,f
C1234,Shawn Stephens,58,f
C1235,Victor Martinez,58,f
C1236,Paul Richardson,58,f
C1237,Terry Payne,58,f
C1238,Billy Nelson,45,f
C1239,Martin Olson,58,f
C1240,Clarence Freeman,58,f
C1241,Jeremy Wilson,45,f
C1242,Samuel Fowler,45,f
C1243,Ronald Burns,58,f
C1244,Victor Lopez,58,f
C1245,Terry Mills,58,f
C1246,Jesse Hill,58,f
C1247,Fred Russell,45,f
C1248,Harold Matthews,58,f
C1249,Wayne Ortiz,45,f
C1250,Alan Scott,45,f
C1251,Anthony Fisher,63,f
C1252,Christopher Arnold,63,f
C1253,Lawrence Kelly,63,f
C1254,Howard Harrison,63,f
C1255,Jonathan Moreno,63,f
C1256,Roger Alexander,63,f
C1257,James Armstrong,63,f
C1258,Stephen Webb,45,f
C1259,Phillip Webb,63,f
C1260,Steven Martinez,63,f
C1261,Andrew James,63,f
C1262,Matthew Fernandez,63,f
C1263,Michael Mills,63,f
C1264,Keith Moore,63,f
C1265,Michael Ward,45,f
C1266,Chris Chapman,45,f
C1267,Matthew Fernandez,63,f
C1268,Peter Warren,45,f
C1269,Steven Hayes,63,f
C1270,Joe Baker,63,f
C1271,Stephen Larson,45,f
C1272,Juan Hunt,63,f
C1273,Henry Kelley,63,f
C1274,Adam Hernandez,63,f
C1275,Willie Day,45,f
C1276,George Hill,45,f
C1277,Peter Cook,62,f
C1278,Johnny Butler,45,f
C1279,Eugene Sims,62,f
C1280,William James,45,f
C1281,Jack Stevens,62,f
C1282,Chris Howard,45,f
C1283,Charles Hughes,45,f
C1284,Ralph Richardson,62,f
C1285,Anthony Little,45,f
C1286,Bobby Hughes,62,f
C1287,Aaron Johnson,62,f
C1288,Jeffrey Phillips,45,f
C1289,Mark Elliott,62,f
C1290,Thomas Holmes,62,f
C1291,Bobby Hughes,62,f
C1292,Joe Griffin,62,f
C1293,Kenneth Ross,45,f
C1294,Henry Boyd,62,f
C1295,Steve Bennett,45,f
C1296,Scott Gordon,62,f
C1297,Joshua Brooks,45,f
C1298,Edward Mason,45,f
C1299,Gregory Welch,45,f
C1300,Steve Miller,62,f
C1301,James Simmons,62,f
C1302,Anthony Berry,62,f
C1303,Keith Murphy,62,f
C1304,Fred Russell,62,f
C1305,Paul Taylor,62,f
C1306,Shawn Stephens,67,f
C1307,Sean Woods,67,f
C1308,Michael Cole,67,f
C1309,Daniel Carroll,45,f
C1310,Billy Cook,45,f
C1311,Eugene Castillo,67,f
C1312,Antonio Cooper,45,f
C1313,Jonathan Harris,67,f
C1314,Raymond Young,67,f
C1315,Patrick Rivera,45,f
C1316,Adam Hernandez,45,f
C1317,Ronald Barnes,67,f
C1318,Randy Hayes,67,f
C1319,Charles Richards,67,f
C1320,Anthony Turner,67,f
C1321,Andrew Graham,67,f
C1322,Juan Rivera,67,f
C1323,Victor Chapman,67,f
C1324,Jesse Hernandez,67,f
C1325,Walter Baker,67,f
C1326,Donald Stanley,45,f
C1327,Andrew Robinson,67,f
C1328,Peter Boyd,67,f
C1329,Stephen Reynolds,45,f
C1330,Roy Shaw,67,f
C1331,Sean Black,67,f
C1332,Brian Hunter,67,f
C1333,Keith Jordan,76,f
C1334,Philip Bailey,76,f
C1335,Louis Mccoy,76,f
C1336,Andrew Graham,76,f
C1337,Eric Bowman,76,m
C1338,Thomas Hawkins,45,f
C1339,Billy West,73,m
C1340,Jimmy Morrison,73,m
C1341,Patrick Graham,45,f
C1342,Philip Burton,73,m
C1343,Eric Armstrong,73,m
C1344,Paul Richardson,73,m
C1345,Andrew Butler,45,f
C1346,Paul Henderson,73,m
C1347,Fred Jenkins,73,m
C1348,Fred Reid,80,m
C1349,Eric Ward,80,m
C1350,Douglas Franklin,80,m
C1351,Paul Johnson,80,m
C1352,Michael Lane,45,f
C1353,Adam Alexander,80,m
C1354,Fred Russell,84,m
C1355,William Franklin,84,m
C1356,Frank Mason,84,m
C1357,Christopher Miller,84,m
C1358,Steven Howard,45,f
C1359,Antonio Shaw,84,m
C1360,Bruce King,84,m
C1361,Todd Price,84,m
C1362,Victor Ramos,45,f
C1363,Roger Alexander,22,m
C1364,Jeffrey Sanders,22,m
C1365,Henry Harper,22,m
C1366,Ralph Banks,22,m
C1367,Nicholas Garcia,22,m
C1368,Jerry Andrews,22,m
C1369,Brian Murphy,22,m
C1370,Ernest Knight,22,m
C1371,David Ford,22,m
C1372,Keith Schmidt,22,m
C1373,Philip Cunningham,45,f
C1374,Mark Morales,22,m
C1375,Ronald Bradley,22,m
C1376,Steven Carr,22,m
C1377,Ralph Cooper,22,m
C1378,Shawn Cook,45,f
C1379,Roy Scott,45,f
C1380,Jesse Hill,45,f
C1381,Terry Watson,45,f
C1382,Mark Lee,22,m
C1383,Shawn Wallace,22,m
C1384,Nicholas Stanley,22,m
C1385,Victor Martinez,29,m
C1386,John Long,29,m
C1387,Justin Romero,45,f
C1388,Jason Murphy,29,m
C1389,Henry Andrews,29,m
C1390,Billy Miller,45,f
C1391,Arthur Gilbert,45,f
C1392,Paul Carpenter,29,m
C1393,John Brooks,29,m
C1394,Joe Price,29,m
C1395,Bruce Butler,29,m
C1396,Harry Perkins,45,f
C1397,Paul Johnson,45,f
C1398,Kenneth Dunn,29,m
C1399,Richard Peterson,45,f
C1400,Alan Sims,29,m
C1401,Phillip Carpenter,45,f
C1402,Howard Lewis,29,m
C1403,Antonio Dixon,45,f
C1404,Carlos Kim,29,m
C1405,Walter Harris,45,f
C1406,Peter Boyd,29,m
C1407,Albert Rice,29,m
C1408,Samuel Palmer,29,m
C1409,Eugene Brooks,29,m
C1410,Eugene Murphy,29,m
C1411,Raymond Allen,45,f
C1412,Frank Brown,45,f
C1413,Christopher Nguyen,45,f
C1414,Keith Stephens,45,f
C1415,Douglas Foster,45,f
C1416,Howard Lynch,44,m
C1417,Eric Bowman,45,f
C1418,Jeremy Schmidt,44,m
C1419,Eugene Cunningham,45,f
C1420,Clarence Warren,45,f
C1421,Patrick Hall,45,f
C1422,Jose Riley,45,f
C1423,Keith Stephens,44,m
C1424,Benjamin Lynch,44,m
C1425,Peter Warren,45,f
C1426,Matthew Lewis,45,f
C1427,Adam Bailey,45,f
C1428,Alan Gomez,45,f
C1429,Ralph Olson,45,f
C1430,Ernest Austin,44,m
C1431,Billy Evans,44,m
C1432,Peter Freeman,44,m
C1433,Carlos Wheeler,55,m
C1434,Christopher Nguyen,55,m
C1435,Justin Butler,45,f
C1436,Ronald Arnold,55,m
C1437,Steve Barnes,45,f
C1438,Ryan Bailey,45,f
C1439,Matthew Walker,55,m
C1440,Brian Warren,55,m
C1441,Eugene Cunningham,55,m
C1442,Phillip Morrison,55,m
C1443,Lawrence Kelly,55,m
C1444,Jack Reid,55,m
C1445,Philip Bailey,55,m
C1446,Brandon Wright,55,m
C1447,Sean Snyder,55,m
C1448,Adam Hunter,45,f
C1449,Nicholas Cunningham,55,m
C1450,Jesse Barnes,51,m
C1451,Nicholas Williamson,51,m
C1452,Joshua Anderson,51,m
C1453,Brandon Dixon,51,m
C1454,Arthur Webb,51,m
C1455,Eugene Scott,51,m
C1456,Raymond Alexander,45,f
C1457,Shawn Day,51,m
C1458,Richard Hudson,51,m
C1459,Todd Roberts,51,m
C1460,Joseph Lopez,51,m
C1461,Aaron Miller,45,f
C1462,Thomas Gonzales,45,f
C1463,Joshua Watkins,45,f
C1464,Jason Gray,51,m
C1465,John Long,51,m
C1466,Peter Gray,45,f
C1467,James Armstrong,51,m
C1468,Adam Hernandez,51,m
C1469,William Franklin,51,m
C1470,Sean Knight,51,m
C1471,Shawn Scott,51,m
C1472,Jeffrey Carpenter,51,m
C1473,James Fisher,45,f
C1474,Sean Kelly,45,f
C1475,Benjamin Kim,51,m
C1476,Larry Ross,51,m
C1477,Carlos Hunt,51,m
C1478,Thomas Holmes,51,m
C1479,Joshua Garza,51,m
C1480,Matthew Lewis,51,m
C1481,Stephen Cook,51,m
C1482,Shawn Fields,51,m
C1483,Mark Gonzalez,51,m
C1484,Christopher Kim,45,f
C1485,Raymond Fields,51,m
C1486,Wayne Williams,45,f
C1487,Dennis Myers,51,m
C1488,Samuel Palmer,62,m
C1489,Peter Boyd,45,f
C1490,Kenneth Arnold,62,m
C1491,Clarence Austin,62,m
C1492,Raymond Burke,45,f
C1493,Stephen Greene,45,f
C1494,Jack Reid,45,f
C1495,Henry Elliott,62,m
C1496,Carl Anderson,62,m
C1497,Brandon Diaz,62,m
C1498,Keith Campbell,62,m
C1499,Stephen Greene,62,m
C1500,Frank Brown,45,f
C1501,Earl Ortiz,45,f
C1502,Samuel Stewart,45,f
C1503,Patrick Graham,72,m
C1504,William Hawkins,72,m
C1505,Jose Watson,72,m
C1506,Victor Rogers,72,m
C1507,Donald Andrews,72,m
C1508,Matthew Smith,72,m
C1509,Louis Harris,72,m
C1510,Arthur Roberts,72,m
C1511,Fred Howell,45,f
C1512,Nicholas Ward,72,m
C1513,Henry Andrews,72,m
C1514,Steve Diaz,45,f
C1515,Gerald Reyes,72,f
C1516,Shawn Owens,45,f
C1517,Gregory Chapman,45,f
C1518,Scott Allen,72,f
C1519,Mark Elliott,72,f
C1520,Antonio Shaw,45,f
C1521,Philip Cunningham,72,f
C1522,Thomas Gonzales,45,f
C1523,Johnny Martinez,72,f
C1524,David Olson,72,f
C1525,Mark Simmons,72,f
C1526,Juan Rivera,72,f
C1527,Lawrence Watson,45,f
C1528,Jose Griffin,72,f
C1529,Walter Harris,72,f
C1530,Bruce Armstrong,72,f
C1531,Richard Hudson,72,f
C1532,Stephen Kelly,20,f
C1533,Paul Holmes,20,f
C1534,Alan Sims,45,f
C1535,Samuel Stewart,20,f
C1536,Frank Brown,20,f
C1537,Nicholas Williamson,45,f
C1538,Ralph Richardson,20,f
C1539,William Carpenter,20,f
C1540,Sean Woods,45,f
C1541,Mark Spencer,45,f
C1542,Douglas Wallace,20,f
C1543,Aaron Miller,20,f
C1544,Ralph Willis,20,f
C1545,Willie Mason,30,f
C1546,David Mendoza,30,f
C1547,Bruce Oliver,45,f
C1548,Aaron Carr,45,f
C1549,Harry Hudson,45,f
C1550,Jeremy Porter,45,f
C1551,Samuel Fowler,30,f
C1552,Robert Price,30,f
C1553,Steven Mccoy,45,f
C1554,Keith Stephens,45,f
C1555,Ralph Davis,40,f
C1556,Victor Lawson,40,f
C1557,Ralph Jacobs,45,f
C1558,Robert Ferguson,45,f
C1559,Joe Griffin,40,f
C1560,Bruce Butler,40,f
C1561,Eric Alvarez,40,f
C1562,Edward Mason,45,f
C1563,Richard Peterson,50,f
C1564,Joseph Warren,45,f
C1565,Ernest Rivera,45,f
C1566,Aaron Mills,50,f
C1567,Juan Lawrence,50,f
C1568,Jesse Alvarez,50,f
C1569,Jason Murphy,45,f
C1570,Jimmy Grant,50,f
C1571,Russell Bailey,50,f
C1572,Andrew Robinson,50,f
C1573,Michael Mills,50,f
C1574,Bobby Willis,45,f
C1575,James Simmons,50,f
C1576,Charles Fields,50,f
C1577,Fred Russell,50,f
C1578,Benjamin Vasquez,50,f
C1579,Keith James,45,f
C1580,Gregory Welch,60,f
C1581,Antonio Frazier,45,f
C1582,William Schmidt,60,f
C1583,George Ellis,60,f
C1584,Ralph Kelley,60,f
C1585,Paul Holmes,45,f
C1586,Kenneth Dunn,60,f
C1587,Samuel Jenkins,60,f
C1588,Juan Rivera,45,f
C1589,Arthur Webb,45,f
C1590,Sean Andrews,60,f
C1591,William Schmidt,45,f
C1592,Stephen Payne,45,f
C1593,Kevin Gilbert,60,f
C1594,Frank Brown,60,f
C1595,Carl Collins,60,f
C1596,Russell Boyd,60,f
C1597,Kevin Wheeler,60,f
C1598,Russell Grant,45,f
C1599,Todd Lynch,45,f
C1600,Walter Duncan,45,f
C1601,Jerry Rogers,60,f
C1602,Donald Andrews,45,f
C1603,Brian Warren,60,f
C1604,Billy Gonzales,60,f
C1605,Terry Morris,45,f
C1606,Keith Hamilton,70,f
C1607,Charles Fields,70,f
C1608,Jesse Castillo,45,f
C1609,Peter Bradley,45,f
C1610,Richard Jordan,45,f
C1611,Keith Murray,45,f
C1612,William Medina,70,f
C1613,Edward Williams,70,f
C1614,Ernest Bradley,70,f
C1615,Nicholas Stanley,70,f
C1616,Ryan Price,70,f
C1617,Carlos Stewart,70,f
C1618,Jose Ellis,70,f
C1619,George Adams,70,f
C1620,Fred Jenkins,70,f
C1621,Chris Hall,45,f
C1622,Gary Baker,70,f
C1623,Jesse Evans,70,f
C1624,Kevin Willis,70,f
C1625,Bobby Murray,70,f
C1626,Walter Baker,45,f
C1627,Ronald Burns,80,f
C1628,David Garrett,80,f
C1629,Paul Taylor,80,f
C1630,Philip Bailey,80,f
C1631,Michael Thomas,45,f
C1632,Howard Lewis,80,f
C1633,Gerald Andrews,80,f
C1634,Bruce Armstrong,80,f
C1635,Timothy Bowman,80,f
C1636,Jeremy Porter,80,f
C1637,Robert Carr,80,f
C1638,Victor Chapman,80,f
C1639,Nicholas Morrison,80,f
C1640,Benjamin Morgan,80,f
C1641,Charles Bell,80,f
C1642,Kenneth Ryan,45,f
C1643,Wayne Gordon,80,f
C1644,Roy Jenkins,45,f
C1645,Todd Roberts,45,f
C1646,Charles Richards,45,f
C1647,Jesse Hernandez,24,f
C1648,Jose Riley,24,f
C1649,Douglas Kennedy,45,f
C1650,Jack Reid,45,f
C1651,Ralph Kelley,45,f
C1652,Carl Martin,24,f
C1653,Nicholas Sanders,45,f
C1654,Philip Bailey,45,f
C1655,Carlos Miller,24,f
C1656,Carlos Kim,45,f
C1657,Eric Bowman,24,f
C1658,Alan Scott,24,f
C1659,Joseph Lopez,24,f
C1660,Brian Kim,24,f
C1661,Howard Moore,45,f
C1662,Stephen Webb,24,f
C1663,Fred Reid,24,f
C1664,Scott Roberts,24,f
C1665,Kevin Wheeler,45,f
C1666,Nicholas Morrison,24,f
C1667,Adam Hunter,45,f
C1668,Gerald Andrews,45,f
C1669,Andrew Robinson,24,f
C1670,Eugene Brooks,24,m
C1671,Steve Wells,24,m
C1672,Joe Fuller,24,m
C1673,Keith Murphy,35,m
C1674,Jose Williams,45,f
C1675,Michael Reed,35,m
C1676,Samuel Kim,35,m
C1677,Ernest Austin,35,m
C1678,Jonathan Hawkins,35,m
C1679,Donald Reynolds,45,f
C1680,Lawrence Kelly,35,m
C1681,Gary Hudson,35,m
C1682,Steven Martinez,35,m
C1683,Joe Rose,45,f
C1684,Clarence Kelley,35,m
C1685,James Foster,35,m
C1686,Wayne Rodriguez,35,m
C1687,Anthony Banks,35,m
C1688,Matthew Walker,35,m
C1689,Christopher Ramos,45,f
C1690,Timothy Howard,45,f
C1691,Douglas Diaz,45,f
C1692,Gregory Simmons,35,m
C1693,Thomas Campbell,35,m
C1694,Thomas Chapman,45,f
C1695,Thomas Gray,35,m
C1696,Charles Sims,45,f
C1697,Adam White,35,m
C1698,Clarence Warren,35,m
C1699,Henry Harper,35,m
C1700,Ernest Rivera,45,f
C1701,Thomas Gonzales,35,m
C1702,Roy West,35,m
C1703,Henry Boyd,35,m
C1704,Thomas Gonzales,35,m
C1705,Andrew Reynolds,45,f
C1706,Anthony Torres,35,m
C1707,Antonio Shaw,35,m
C1708,William Medina,35,m
C1709,Bobby Jackson,35,m
C1710,Mark Montgomery,35,m
C1711,Ronald George,35,m
C1712,Craig Reyes,46,m
C1713,Louis Torres,46,m
C1714,Stephen Webb,46,m
C1715,Thomas Daniels,46,m
C1716,Jeremy Gomez,46,m
C1717,Billy Olson,46,m
C1718,Victor Rogers,45,f
C1719,Willie Day,46,m
C1720,Stephen Cook,46,m
C1721,Juan Cruz,46,m
C1722,Raymond Alexander,46,m
C1723,Louis Harris,46,m
C1724,Ronald Arnold,46,m
C1725,Joe Hanson,46,m
C1726,Douglas Perkins,46,m
C1727,Jimmy Andrews,45,f
C1728,Joshua Little,46,m
C1729,William James,46,m
C1730,Roger Thompson,45,f
C1731,Andrew Burns,45,f
C1732,Benjamin Garza,46,m
C1733,William Montgomery,46,m
C1734,Robert Price,45,f
C1735,Craig Reyes,45,f
C1736,Juan Perez,46,m
C1737,Martin Johnston,46,m
C1738,Johnny Martinez,45,f
C1739,Matthew Lewis,45,f
C1740,Brandon Wood,46,m
C1741,Samuel Price,45,f
C1742,Todd George,57,m
C1743,Jeremy Arnold,57,m
C1744,Philip Foster,57,m
C1745,Jason Hudson,45,f
C1746,Joshua Watkins,45,f
C1747,Justin Rodriguez,57,m
C1748,Anthony Chapman,57,m
C1749,George Nichols,57,m
C1750,Patrick Hall,45,f
C1751,David Garrett,57,m
C1752,David Wheeler,57,m
C1753,Andrew Fernandez,57,m
C1754,Fred Perez,57,m
C1755,Carl Nguyen,57,m
C1756,Stephen Cook,57,m
C1757,Kenneth Ryan,45,f
C1758,Howard Morgan,57,m
C1759,Richard Peters,57,m
C1760,Christopher Johnston,57,m
C1761,Chris Fuller,57,m
C1762,Juan Harvey,57,m
C1763,Gary Porter,57,m
C1764,Charles Perry,45,f
C1765,Timothy Howard,57,m
C1766,Frank Gibson,57,m
C1767,David Wilson,57,m
C1768,Scott Rice,57,m
C1769,Bobby Black,45,f
C1770,Aaron Johnson,45,f
C1771,Bobby Hughes,45,f
C1772,Michael Hill,57,m
C1773,Martin Johnston,57,m
C1774,Joe Bryant,57,m
C1775,Arthur Reid,57,m
C1776,Wayne Stone,57,m
C1777,Steven Martinez,57,m
C1778,Anthony Parker,57,m
C1779,Martin Reyes,68,m
C1780,James Armstrong,68,m
C1781,Jack Jackson,68,m
C1782,Anthony Parker,68,m
C1783,Charles Sims,68,m
C1784,Dennis Myers,68,m
C1785,Scott Rice,68,m
C1786,Anthony Turner,45,f
C1787,Eric Bradley,45,f
C1788,Phillip Webb,68,m
C1789,Johnny Ward,68,m
C1790,Steven Nichols,45,f
C1791,Bruce Bowman,68,m
C1792,Christopher Weaver,68,m
C1793,Shawn Ramos,68,m
C1794,Peter Gilbert,68,m
C1795,Jeremy Peterson,68,m
C1796,Bobby Coleman,68,m
C1797,Jason Ross,45,f
C1798,Shawn Torres,68,m
C1799,Michael Austin,45,f
C1800,Mark Simmons,68,m
